first_name,last_name,email,city,state,file_id
Morgana,Berlin,mberlin2s@yale.edu,Indianapolis,IN,2
Loren,Landal,llandal2t@canalblog.com,Ogden,UT,2
Rodolfo,Brookton,rbrookton2u@networkadvertising.org,Columbus,OH,2
Abramo,Fellon,afellon2v@bloglovin.com,Oklahoma City,OK,2
Kathryn,Cammis,kcammis2w@oracle.com,Bronx,NY,2
Robinson,Fish,rfish2x@reuters.com,Springfield,VA,2
Ewart,Vasyutkin,evasyutkin2y@woothemes.com,New York City,NY,2
Jon,Nellies,jnellies2z@stanford.edu,Burbank,CA,2
Payton,Krzyzaniak,pkrzyzaniak30@dot.gov,Nashville,TN,2
George,Agent,gagent31@miitbeian.gov.cn,Tucson,AZ,2
Agace,Dye,adye32@lulu.com,Washington,DC,2
Agnese,Lochrie,alochrie33@surveymonkey.com,Charlotte,NC,2
Tallulah,Santi,tsanti34@answers.com,Prescott,AZ,2
Carena,Coad,ccoad35@pbs.org,Aurora,IL,2
Philis,Hallede,phallede36@123-reg.co.uk,Norfolk,VA,2
Bunni,Bonfield,bbonfield37@simplemachines.org,South Bend,IN,2
Tandy,Banghe,tbanghe38@vinaora.com,Houston,TX,2
Conny,Britner,cbritner39@1und1.de,Madison,WI,2
Webster,Wyleman,wwyleman3a@booking.com,Portland,ME,2
Mellicent,Pickrell,mpickrell3b@storify.com,Arlington,VA,2
Brendan,Spadotto,bspadotto3c@geocities.com,Aiken,SC,2
Tibold,Ferreira,tferreira3d@w3.org,Pittsburgh,PA,2
Calli,Epinay,cepinay3e@unblog.fr,New Orleans,LA,2
Rafael,Askell,raskell3f@tinyurl.com,Kansas City,MO,2
Corrianne,Duetsche,cduetsche3g@facebook.com,Washington,DC,2
Marvin,Kemston,mkemston3h@qq.com,Philadelphia,PA,2
Lukas,Poundsford,lpoundsford3i@yale.edu,Trenton,NJ,2
Alfy,Bootherstone,abootherstone3j@hc360.com,Vancouver,WA,2
Andrus,Crockett,acrockett3k@mapquest.com,San Antonio,TX,2
Hyacinth,Stollberger,hstollberger3l@marketwatch.com,New York City,NY,2
Arte,Willisch,awillisch3m@chicagotribune.com,Jamaica,NY,2
Frasier,De la Barre,fdelabarre3n@eventbrite.com,Santa Cruz,CA,2
Carl,Comusso,ccomusso3o@fc2.com,Fresno,CA,2
Beale,Semeradova,bsemeradova3p@istockphoto.com,Nashville,TN,2
Mame,Hotton,mhotton3q@shutterfly.com,Boise,ID,2
Yardley,Capey,ycapey3r@aol.com,Springfield,MA,2
Samara,Du Pre,sdupre3s@statcounter.com,Cleveland,OH,2
Zora,Premble,zpremble3t@bandcamp.com,Cincinnati,OH,2
Merl,MacElane,mmacelane3u@hud.gov,Amarillo,TX,2
Wenona,Gaffon,wgaffon3v@reverbnation.com,Lawrenceville,GA,2
Anallese,Saltrese,asaltrese3w@storify.com,Birmingham,AL,2
Willey,Sneller,wsneller3x@unblog.fr,Katy,TX,2
Kitty,Bullivant,kbullivant3y@nps.gov,Milwaukee,WI,2
Jefferey,Riche,jriche3z@sina.com.cn,Hartford,CT,2
Bee,Bultitude,bbultitude40@nydailynews.com,Rochester,NY,2
Cristina,Antrum,cantrum41@mac.com,Fort Lauderdale,FL,2
Charla,Novik,cnovik42@dedecms.com,Tucson,AZ,2
Elroy,Melby,emelby43@naver.com,Milwaukee,WI,2
Wally,Hembry,whembry44@qq.com,Woburn,MA,2
Konstanze,Gergolet,kgergolet45@chronoengine.com,Schenectady,NY,2
Arden,Antoniak,aantoniak46@imgur.com,San Antonio,TX,2
Tremayne,Rodgers,trodgers47@goo.ne.jp,Omaha,NE,2
Colver,Devon,cdevon48@wsj.com,Torrance,CA,2
Anetta,Stenett,astenett49@sakura.ne.jp,Bethesda,MD,2
Joana,Walsh,jwalsh4a@ifeng.com,Austin,TX,2
Adina,Crouch,acrouch4b@dailymotion.com,Seattle,WA,2
Fleurette,Headley,fheadley4c@virginia.edu,Evansville,IN,2
Alberto,Beden,abeden4d@bing.com,Phoenix,AZ,2
Dallis,Sherme,dsherme4e@uol.com.br,Pasadena,CA,2
Corliss,Glynn,cglynn4f@aol.com,Pittsburgh,PA,2
Querida,Kless,qkless4g@va.gov,Tacoma,WA,2
Amabel,Van Waadenburg,avanwaadenburg4h@spotify.com,Lynchburg,VA,2
Etti,Fowles,efowles4i@sakura.ne.jp,Springfield,MA,2
Antonella,Laugier,alaugier4j@pagesperso-orange.fr,Lincoln,NE,2
Granger,Champneys,gchampneys4k@google.pl,Corpus Christi,TX,2
Danell,Dye,ddye4l@123-reg.co.uk,Colorado Springs,CO,2
Sashenka,Haughey,shaughey4m@livejournal.com,Norfolk,VA,2
Aubry,Eady,aeady4n@mozilla.org,Modesto,CA,2
Morgan,Dyball,mdyball4o@engadget.com,Miami,FL,2
Claudine,Pele,cpele4p@imageshack.us,Washington,DC,2
Hailee,Catterall,hcatterall4q@furl.net,Nashville,TN,2
Nicki,Tuckley,ntuckley4r@dailymotion.com,Los Angeles,CA,2
Colet,Finan,cfinan4s@mlb.com,Los Angeles,CA,2
Ludvig,Poytheras,lpoytheras4t@cnet.com,Maple Plain,MN,2
Lauralee,Panniers,lpanniers4u@dagondesign.com,Shreveport,LA,2
Colby,Antoniou,cantoniou4v@privacy.gov.au,Tallahassee,FL,2
Ruggiero,Ebbings,rebbings4w@skype.com,Dallas,TX,2
Anabel,Berthome,aberthome4x@marketwatch.com,Morgantown,WV,2
Charita,Buye,cbuye4y@theglobeandmail.com,Portland,OR,2
Bridget,Harle,bharle4z@simplemachines.org,Midland,TX,2
Xymenes,Yushkov,xyushkov50@i2i.jp,Milwaukee,WI,2
Fanny,Bountiff,fbountiff51@nsw.gov.au,Austin,TX,2
Shandie,Taaffe,staaffe52@gizmodo.com,Valdosta,GA,2
Eveline,Ferraresi,eferraresi53@vistaprint.com,Cleveland,OH,2
Trista,Pearsey,tpearsey54@wiley.com,Saint Louis,MO,2
Joyan,Matzkaitis,jmatzkaitis55@dion.ne.jp,Washington,DC,2
Gusta,Fricker,gfricker56@sourceforge.net,Evansville,IN,2
Shalna,Bruun,sbruun57@blogspot.com,Carol Stream,IL,2
Tandy,Baggott,tbaggott58@webmd.com,Saint Cloud,MN,2
Jan,Byrth,jbyrth59@elegantthemes.com,Cincinnati,OH,2
Rinaldo,Murfett,rmurfett5a@example.com,Orlando,FL,2
Elroy,Josefsohn,ejosefsohn5b@moonfruit.com,Indianapolis,IN,2
Gay,Wickardt,gwickardt5c@nyu.edu,Dallas,TX,2
Amandy,Jurek,ajurek5d@sfgate.com,Washington,DC,2
Feliks,Alldis,falldis5e@tiny.cc,Albany,NY,2
Livia,McLagain,lmclagain5f@google.fr,Philadelphia,PA,2
Wilt,Sink,wsink5g@vimeo.com,Chattanooga,TN,2
Carmina,Camous,ccamous5h@ucoz.com,Mount Vernon,NY,2
Hettie,Kellie,hkellie5i@taobao.com,Detroit,MI,2
Randal,Caddens,rcaddens5j@epa.gov,Chattanooga,TN,2