first_name,last_name,email,city,state,file_id
Robb,Cleverly,rcleverly0@tripadvisor.com,Dallas,TX,1
Wyatan,Anslow,wanslow1@columbia.edu,Young America,MN,1
Conway,Phelps,cphelps2@so-net.ne.jp,Katy,TX,1
Darline,Slany,dslany3@chron.com,Brooklyn,NY,1
Sergent,Pestridge,spestridge4@intel.com,Houston,TX,1
Jarred,Rickeard,jrickeard5@usatoday.com,Los Angeles,CA,1
Gerladina,Ortiga,gortiga6@npr.org,Los Angeles,CA,1
Freddi,Konzelmann,fkonzelmann7@imgur.com,Dallas,TX,1
Nappy,Woolrich,nwoolrich8@sogou.com,Montgomery,AL,1
Damien,Abad,dabad9@accuweather.com,Spartanburg,SC,1
Chad,Larvin,clarvina@parallels.com,Fort Lauderdale,FL,1
Crawford,Skippen,cskippenb@ted.com,Cleveland,OH,1
Viva,Shanklin,vshanklinc@ed.gov,Los Angeles,CA,1
Consolata,Galler,cgallerd@unc.edu,Bakersfield,CA,1
Rhodie,Schruur,rschruure@nbcnews.com,El Paso,TX,1
Emery,Garmons,egarmonsf@marketwatch.com,Atlanta,GA,1
Shawnee,Christaeas,schristaeasg@youtu.be,Washington,DC,1
Shelly,Miklem,smiklemh@paginegialle.it,Pasadena,CA,1
Katey,Setterthwait,ksetterthwaiti@state.tx.us,Washington,DC,1
Corinna,Ingleson,cinglesonj@slideshare.net,Houston,TX,1
Dickie,Crowcombe,dcrowcombek@studiopress.com,Saint Louis,MO,1
Caressa,Bullman,cbullmanl@delicious.com,Jamaica,NY,1
Francoise,Viollet,fviolletm@netvibes.com,Winston Salem,NC,1
Gil,Gimbrett,ggimbrettn@networkadvertising.org,Odessa,TX,1
Maurise,Devin,mdevino@hp.com,Shreveport,LA,1
Venita,Lerven,vlervenp@newyorker.com,Saint Louis,MO,1
Hughie,Macak,hmacakq@issuu.com,Oklahoma City,OK,1
Tamqrah,Fearnyough,tfearnyoughr@chronoengine.com,Oakland,CA,1
Bar,Rapaport,brapaports@purevolume.com,Seattle,WA,1
Sherri,Lewsey,slewseyt@whitehouse.gov,Silver Spring,MD,1
Fawn,Ksandra,fksandrau@free.fr,Wilkes Barre,PA,1
Ulla,Clausson,uclaussonv@earthlink.net,Arlington,VA,1
Reade,Adriani,radrianiw@cnn.com,Washington,DC,1
Ferguson,Shellshear,fshellshearx@netscape.com,Houston,TX,1
Torey,Hinchcliffe,thinchcliffey@arizona.edu,Austin,TX,1
Annecorinne,Scurrer,ascurrerz@storify.com,Kansas City,MO,1
Ahmad,Gilliatt,agilliatt10@discuz.net,Irving,TX,1
Ginnifer,Cattow,gcattow11@redcross.org,Des Moines,IA,1
Robinette,Tugman,rtugman12@aboutads.info,Glendale,CA,1
Zacharie,di Rocca,zdirocca13@time.com,Harrisburg,PA,1
Gerti,Ivantsov,givantsov14@ezinearticles.com,San Antonio,TX,1
Dominic,Goulthorp,dgoulthorp15@rambler.ru,Savannah,GA,1
Rafaellle,Yare,ryare16@amazon.com,Springfield,IL,1
Kalil,Foggarty,kfoggarty17@state.gov,Saginaw,MI,1
Tom,MacSweeney,tmacsweeney18@com.com,Providence,RI,1
Erv,Symonds,esymonds19@sciencedirect.com,Gadsden,AL,1
Allissa,Awin,aawin1a@cyberchimps.com,Honolulu,HI,1
Constantina,Menilove,cmenilove1b@senate.gov,Gary,IN,1
Waverly,Edmondson,wedmondson1c@deviantart.com,Appleton,WI,1
Paquito,Lissenden,plissenden1d@independent.co.uk,Grand Rapids,MI,1
Bennie,Elger,belger1e@gizmodo.com,El Paso,TX,1
Lira,Dearlove,ldearlove1f@constantcontact.com,Terre Haute,IN,1
Brig,Sainter,bsainter1g@un.org,Montgomery,AL,1
Neda,Lyford,nlyford1h@uol.com.br,Everett,WA,1
Carlo,Crush,ccrush1i@theatlantic.com,Little Rock,AR,1
Garret,Moyer,gmoyer1j@prweb.com,Fort Worth,TX,1
Elston,Kiddey,ekiddey1k@domainmarket.com,Birmingham,AL,1
Elva,Soule,esoule1l@gizmodo.com,Conroe,TX,1
Rex,Sighart,rsighart1m@reverbnation.com,Oklahoma City,OK,1
Mahala,Lesor,mlesor1n@istockphoto.com,Palmdale,CA,1
Chryste,McGivena,cmcgivena1o@elpais.com,Washington,DC,1
Pierce,Lammie,plammie1p@example.com,Colorado Springs,CO,1
Jayson,Ezele,jezele1q@thetimes.co.uk,Evansville,IN,1
Tony,Book,tbook1r@com.com,Cincinnati,OH,1
Desmund,Arpe,darpe1s@stumbleupon.com,Tulsa,OK,1
Matilda,Bysouth,mbysouth1t@hugedomains.com,Lakewood,WA,1
Malvin,Leicester,mleicester1u@statcounter.com,Los Angeles,CA,1
Renelle,Hedditch,rhedditch1v@samsung.com,San Bernardino,CA,1
Lemuel,Beddon,lbeddon1w@github.io,Hayward,CA,1
Herold,Febry,hfebry1x@thetimes.co.uk,San Bernardino,CA,1
Prudi,York,pyork1y@dropbox.com,Bronx,NY,1
Dido,Geer,dgeer1z@walmart.com,Omaha,NE,1
Paolina,Garnham,pgarnham20@utexas.edu,Erie,PA,1
Phoebe,Meenehan,pmeenehan21@feedburner.com,Des Moines,IA,1
Roderich,Amori,ramori22@shutterfly.com,Atlanta,GA,1
Royal,Gorden,rgorden23@thetimes.co.uk,Newton,MA,1
Binni,Orry,borry24@amazon.de,Philadelphia,PA,1
Culver,Greenhouse,cgreenhouse25@yandex.ru,Virginia Beach,VA,1
Augusto,Mersey,amersey26@jalbum.net,Paterson,NJ,1
Wernher,Meeks,wmeeks27@devhub.com,Reno,NV,1
Sonni,Mitchenson,smitchenson28@parallels.com,Louisville,KY,1
Cara,Cashmore,ccashmore29@bandcamp.com,Fort Wayne,IN,1
Louella,Ghelerdini,lghelerdini2a@photobucket.com,Memphis,TN,1
Charyl,Karlolczak,ckarlolczak2b@stanford.edu,Minneapolis,MN,1
Jecho,Pantry,jpantry2c@sitemeter.com,Peoria,IL,1
Colene,Fairlaw,cfairlaw2d@webnode.com,Miami,FL,1
Elroy,Fishwick,efishwick2e@google.com.br,Honolulu,HI,1
Margaux,Doget,mdoget2f@goo.ne.jp,Palm Bay,FL,1
Antonin,Caccavari,acaccavari2g@imageshack.us,Springfield,MA,1
Koren,Beattie,kbeattie2h@wikimedia.org,Tampa,FL,1
Earl,Woollam,ewoollam2i@gov.uk,Helena,MT,1
Ginny,Looby,glooby2j@noaa.gov,Dallas,TX,1
Aveline,Johnigan,ajohnigan2k@cisco.com,Sacramento,CA,1
Thedric,Harp,tharp2l@ibm.com,New Orleans,LA,1
Wyatt,Clist,wclist2m@boston.com,Houston,TX,1
Aurthur,Guilloud,aguilloud2n@addthis.com,Crawfordsville,IN,1
Annmaria,Glencross,aglencross2o@drupal.org,Harrisburg,PA,1
Corilla,Shillabeer,cshillabeer2p@sciencedaily.com,Lansing,MI,1
Dalton,Roark,droark2q@aol.com,Modesto,CA,1
Blythe,Warburton,bwarburton2r@joomla.org,Lincoln,NE,1