first_name,last_name,email,city,state,file_id
Edouard,Ibbeson,eibbesonjg@wikipedia.org,Jamaica,NY,8
Suzette,Fendley,sfendleyjh@unicef.org,Greensboro,NC,8
Raffaello,Izakovitz,rizakovitzji@biglobe.ne.jp,Huntington,WV,8
Ricki,Daugherty,rdaughertyjj@netlog.com,Fort Pierce,FL,8
Felisha,Metham,fmethamjk@google.ru,Helena,MT,8
Brynne,Lethbrig,blethbrigjl@army.mil,Montgomery,AL,8
Jory,MacLoughlin,jmacloughlinjm@dropbox.com,New Brunswick,NJ,8
Noll,Sollis,nsollisjn@miitbeian.gov.cn,Dallas,TX,8
Abie,Dockery,adockeryjo@odnoklassniki.ru,Minneapolis,MN,8
Ailey,Domnin,adomninjp@sina.com.cn,New York City,NY,8
Carlee,Jopp,cjoppjq@topsy.com,Washington,DC,8
Merwyn,Wippermann,mwippermannjr@accuweather.com,Charlotte,NC,8
Ellie,Mattschas,emattschasjs@ow.ly,San Jose,CA,8
Maiga,Pocklington,mpocklingtonjt@latimes.com,Meridian,MS,8
Benedetta,Livard,blivardju@lulu.com,San Francisco,CA,8
Hieronymus,Piff,hpiffjv@geocities.com,Mobile,AL,8
Jayme,Yonnie,jyonniejw@phoca.cz,Columbus,OH,8
Sophie,Duxfield,sduxfieldjx@wunderground.com,Winston Salem,NC,8
Adoree,Venturoli,aventurolijy@flickr.com,Kissimmee,FL,8
Dawn,Dwelly,ddwellyjz@timesonline.co.uk,Seattle,WA,8
Sidonnie,Rasmus,srasmusk0@xinhuanet.com,Anderson,IN,8
Lotty,Le Brum,llebrumk1@liveinternet.ru,Billings,MT,8
Caddric,Readitt,creadittk2@skype.com,Yakima,WA,8
Sauncho,Stealfox,sstealfoxk3@addtoany.com,Kansas City,MO,8
Mendy,Irvine,mirvinek4@independent.co.uk,Amarillo,TX,8
Franchot,Curman,fcurmank5@shareasale.com,Concord,CA,8
Heywood,Simla,hsimlak6@about.me,Montgomery,AL,8
Sigfried,Pepperell,spepperellk7@spotify.com,Springfield,IL,8
Gladi,McMeyler,gmcmeylerk8@virginia.edu,San Diego,CA,8
Renie,Svanini,rsvaninik9@plala.or.jp,Athens,GA,8
Wandis,Childs,wchildska@prlog.org,Indianapolis,IN,8
Kalindi,Sterrick,ksterrickkb@usatoday.com,Galveston,TX,8
Tobit,Gaule,tgaulekc@bbc.co.uk,Sparks,NV,8
Lena,Bulfit,lbulfitkd@hostgator.com,Daytona Beach,FL,8
Meir,Jain,mjainke@edublogs.org,Seattle,WA,8
Murray,Beushaw,mbeushawkf@deviantart.com,Philadelphia,PA,8
Alfonse,Carnew,acarnewkg@usgs.gov,Cape Coral,FL,8
Marney,Drennan,mdrennankh@cbc.ca,Las Vegas,NV,8
Marlowe,MacGiolla,mmacgiollaki@prnewswire.com,Brockton,MA,8
Mirella,Kenningley,mkenningleykj@jiathis.com,Riverside,CA,8
Cissy,Jacombs,cjacombskk@furl.net,Staten Island,NY,8
Masha,Waything,mwaythingkl@delicious.com,Cleveland,OH,8
Durand,Betterton,dbettertonkm@prweb.com,Denver,CO,8
Elinore,Colecrough,ecolecroughkn@squidoo.com,Austin,TX,8
Loraine,Spradbrow,lspradbrowko@cbsnews.com,Richmond,VA,8
Dorena,Petrello,dpetrellokp@answers.com,Fort Pierce,FL,8
Fax,Manssuer,fmanssuerkq@google.ca,Miami,FL,8
Tove,Timby,ttimbykr@alibaba.com,Santa Rosa,CA,8
Catarina,Ancell,cancellks@reuters.com,Raleigh,NC,8
Jeramie,Cleen,jcleenkt@bigcartel.com,Reno,NV,8
Haroun,Shadrach,hshadrachku@netscape.com,New York City,NY,8
Alida,Whether,awhetherkv@techcrunch.com,Frederick,MD,8
Maire,Coyte,mcoytekw@hhs.gov,Lubbock,TX,8
Patricio,Wilshin,pwilshinkx@posterous.com,Fort Worth,TX,8
Joscelin,Skegg,jskeggky@linkedin.com,Jackson,MS,8
Bathsheba,Gilhooley,bgilhooleykz@twitpic.com,Nashville,TN,8
Elias,Burg,eburgl0@stumbleupon.com,Juneau,AK,8
Page,Aubry,paubryl1@guardian.co.uk,Pensacola,FL,8
Reinaldo,Onion,ronionl2@foxnews.com,Dallas,TX,8
Latrina,Brasse,lbrassel3@guardian.co.uk,Charlotte,NC,8
Vicky,Olech,volechl4@scientificamerican.com,Kansas City,MO,8
Rice,Bricket,rbricketl5@google.co.uk,Boston,MA,8
Aleda,Wakerley,awakerleyl6@cargocollective.com,Hartford,CT,8
Verine,Boissier,vboissierl7@tamu.edu,Fullerton,CA,8
Jayne,Burchell,jburchelll8@aol.com,Portland,OR,8
Zaria,Eccott,zeccottl9@microsoft.com,Tallahassee,FL,8
Marys,Arkwright,markwrightla@google.nl,Rochester,MN,8
Cordie,Littleton,clittletonlb@google.com.au,Orlando,FL,8
Augustine,Jobe,ajobelc@github.io,San Francisco,CA,8
Velvet,Willishire,vwillishireld@so-net.ne.jp,Grand Junction,CO,8
Tara,Alvar,talvarle@weibo.com,Amarillo,TX,8
Arabella,Lowle,alowlelf@naver.com,Saint Louis,MO,8
Marya,Fordyce,mfordycelg@exblog.jp,Charleston,WV,8
Caldwell,McGee,cmcgeelh@unc.edu,Seattle,WA,8
Dale,Seeking,dseekingli@hibu.com,Pensacola,FL,8
Izzy,Elsley,ielsleylj@sogou.com,Vancouver,WA,8
Doretta,Harwick,dharwicklk@ox.ac.uk,Jamaica,NY,8
Siegfried,Scripps,sscrippsll@jimdo.com,Peoria,IL,8
Karon,Vineall,kvinealllm@buzzfeed.com,Colorado Springs,CO,8
Barby,Cureton,bcuretonln@tinypic.com,Harrisburg,PA,8
Pebrook,Ponter,pponterlo@amazon.de,Charleston,WV,8
Magda,Nerval,mnervallp@umn.edu,New Hyde Park,NY,8
Joana,Fetherstone,jfetherstonelq@tamu.edu,Honolulu,HI,8
Gabi,Cobbing,gcobbinglr@people.com.cn,Philadelphia,PA,8
Hansiain,Puckett,hpuckettls@ibm.com,Washington,DC,8
Jaquenette,Jolliffe,jjolliffelt@cdbaby.com,Beaumont,TX,8
Bari,Chalfain,bchalfainlu@sfgate.com,Tulsa,OK,8
Flo,Lambird,flambirdlv@unesco.org,Jackson,TN,8
Portie,Hadny,phadnylw@microsoft.com,Amarillo,TX,8
Donetta,Sinney,dsinneylx@theguardian.com,Wilmington,DE,8
Donny,Kenen,dkenenly@xinhuanet.com,Madison,WI,8
Naomi,Butts,nbuttslz@salon.com,New Orleans,LA,8
Nanni,Bawcock,nbawcockm0@odnoklassniki.ru,Houston,TX,8
Kaitlynn,Friese,kfriesem1@youtu.be,Huntington,WV,8
Gregor,Loding,glodingm2@umn.edu,Sioux City,IA,8
Dill,Averall,daverallm3@wsj.com,Dallas,TX,8
Tremaine,Gartin,tgartinm4@nature.com,Dearborn,MI,8
Mordecai,Tompkins,mtompkinsm5@acquirethisname.com,Albany,NY,8
Roderic,Tivers,rtiversm6@tamu.edu,Huntington,WV,8
Ruby,Walsom,rwalsomm7@msn.com,Riverside,CA,8