first_name,last_name,email,city,state,file_id
Florina,Kroger,fkrogerp0@phpbb.com,Plano,TX,10
Jillana,Yanin,jyaninp1@narod.ru,Buffalo,NY,10
Katusha,Hanscombe,khanscombep2@fotki.com,Monticello,MN,10
Eleonore,Vassay,evassayp3@hatena.ne.jp,Springfield,IL,10
Leisha,Helgass,lhelgassp4@shop-pro.jp,Kansas City,MO,10
Tanney,Eickhoff,teickhoffp5@redcross.org,Lincoln,NE,10
Sibella,Groundwator,sgroundwatorp6@barnesandnoble.com,Kansas City,MO,10
Brena,Sackler,bsacklerp7@house.gov,Lansing,MI,10
Delilah,MacCartney,dmaccartneyp8@disqus.com,Jamaica,NY,10
Rina,Kirkup,rkirkupp9@bbc.co.uk,Fort Wayne,IN,10
Kayley,Wormstone,kwormstonepa@paypal.com,South Bend,IN,10
Cherlyn,Rose,crosepb@4shared.com,San Angelo,TX,10
Tarra,Stiegers,tstiegerspc@dagondesign.com,Harrisburg,PA,10
Wye,Eymor,weymorpd@examiner.com,Harrisburg,PA,10
Austina,Chasmoor,achasmoorpe@tinypic.com,Jamaica,NY,10
Patty,McGreil,pmcgreilpf@addtoany.com,Fort Worth,TX,10
Hobard,Cozzi,hcozzipg@thetimes.co.uk,San Diego,CA,10
Brig,Limpkin,blimpkinph@yahoo.co.jp,Bonita Springs,FL,10
Tedman,Treat,ttreatpi@devhub.com,Odessa,TX,10
Prudence,Stopford,pstopfordpj@shop-pro.jp,Washington,DC,10
Amabelle,Berecloth,abereclothpk@blogger.com,Rochester,NY,10
Adele,Pendrill,apendrillpl@weibo.com,Sacramento,CA,10
Frankie,de Marco,fdemarcopm@shutterfly.com,Allentown,PA,10
Gussie,Eden,gedenpn@skype.com,Las Vegas,NV,10
Audy,Coulthart,acoulthartpo@tuttocitta.it,Peoria,IL,10
Maressa,Dominichetti,mdominichettipp@ucsd.edu,Spring,TX,10
Freida,Pigram,fpigrampq@ed.gov,Wichita,KS,10
Tansy,Tersay,ttersaypr@sourceforge.net,San Antonio,TX,10
Shelley,Slides,sslidesps@dailymail.co.uk,Provo,UT,10
Auberta,Mokes,amokespt@photobucket.com,White Plains,NY,10
Vachel,Lowless,vlowlesspu@nsw.gov.au,Santa Cruz,CA,10
Gabe,Cavalier,gcavalierpv@deviantart.com,Omaha,NE,10
Ira,Congreve,icongrevepw@psu.edu,Falls Church,VA,10
Tilda,Collingham,tcollinghampx@google.co.jp,Waterbury,CT,10
Talia,Pioch,tpiochpy@aboutads.info,Saint Louis,MO,10
Bren,Wigan,bwiganpz@alexa.com,Raleigh,NC,10
Diannne,Blagburn,dblagburnq0@behance.net,Whittier,CA,10
Shurlock,Chancellor,schancellorq1@dyndns.org,West Hartford,CT,10
Shelagh,Gissop,sgissopq2@google.com.br,Omaha,NE,10
Sydel,Mattholie,smattholieq3@is.gd,Peoria,IL,10
Dewain,Cruft,dcruftq4@plala.or.jp,Houston,TX,10
Isador,Arnholz,iarnholzq5@newsvine.com,Tulsa,OK,10
Tobias,Jorio,tjorioq6@flavors.me,Saginaw,MI,10
Quentin,Ferron,qferronq7@issuu.com,San Francisco,CA,10
Cristy,Wedon,cwedonq8@vk.com,Indianapolis,IN,10
Armin,Krauss,akraussq9@123-reg.co.uk,Boulder,CO,10
Eduardo,Petyanin,epetyaninqa@xrea.com,Van Nuys,CA,10
Suzi,Firmin,sfirminqb@timesonline.co.uk,Young America,MN,10
Rawley,Kuzemka,rkuzemkaqc@usgs.gov,Harrisburg,PA,10
Erma,McGriffin,emcgriffinqd@soundcloud.com,Raleigh,NC,10
Erv,Garvie,egarvieqe@netvibes.com,Orlando,FL,10
Maritsa,Levane,mlevaneqf@odnoklassniki.ru,Phoenix,AZ,10
Modesta,Grinishin,mgrinishinqg@zimbio.com,Berkeley,CA,10
Garvey,Middleditch,gmiddleditchqh@hugedomains.com,Phoenix,AZ,10
Aron,Fielders,afieldersqi@sina.com.cn,New Orleans,LA,10
Melanie,Ahrens,mahrensqj@weibo.com,San Bernardino,CA,10
Ernesta,Sedwick,esedwickqk@yellowpages.com,New York City,NY,10
Emogene,McKee,emckeeql@washingtonpost.com,Buffalo,NY,10
Kary,Bockler,kbocklerqm@blogtalkradio.com,Chicago,IL,10
Antonin,Greg,agregqn@amazonaws.com,Akron,OH,10
Kayne,Varran,kvarranqo@amazonaws.com,Washington,DC,10
Marchall,Vicioso,mviciosoqp@nifty.com,Aurora,CO,10
Prudence,Boynes,pboynesqq@hp.com,New Orleans,LA,10
El,Morratt,emorrattqr@joomla.org,San Jose,CA,10
Megan,Mellem,mmellemqs@linkedin.com,Mc Keesport,PA,10
Warner,Blazek,wblazekqt@apple.com,Baton Rouge,LA,10
Siobhan,Center,scenterqu@jigsy.com,Washington,DC,10
Kaiser,Crowch,kcrowchqv@hubpages.com,Lynchburg,VA,10
Robenia,Neeson,rneesonqw@umich.edu,Nashville,TN,10
Claiborn,Biddulph,cbiddulphqx@mac.com,Saint Petersburg,FL,10
Glory,Boothman,gboothmanqy@dell.com,Fort Myers,FL,10
Walsh,Gilyatt,wgilyattqz@ted.com,Anaheim,CA,10
Karylin,Javes,kjavesr0@mail.ru,Monticello,MN,10
Christiano,Fairbard,cfairbardr1@time.com,Hampton,VA,10
Amalle,Baudts,abaudtsr2@posterous.com,Schenectady,NY,10
Jermaine,Veevers,jveeversr3@nytimes.com,Conroe,TX,10
Stavros,Jenicek,sjenicekr4@mlb.com,Kissimmee,FL,10
Auberta,Eadmead,aeadmeadr5@prnewswire.com,Richmond,VA,10
Martynne,Richardeau,mrichardeaur6@blogger.com,New York City,NY,10
Betteann,Secretan,bsecretanr7@cbslocal.com,El Paso,TX,10
Francesco,Waberer,fwabererr8@zdnet.com,Seminole,FL,10
Neda,Rodgerson,nrodgersonr9@geocities.jp,Wichita Falls,TX,10
Beret,Gosalvez,bgosalvezra@e-recht24.de,Silver Spring,MD,10
Jasmin,Grosier,jgrosierrb@columbia.edu,Madison,WI,10
Khalil,Monnoyer,kmonnoyerrc@shareasale.com,Newport Beach,CA,10
Markus,Pleager,mpleagerrd@tripadvisor.com,Hartford,CT,10
Matt,Getsham,mgetshamre@csmonitor.com,Austin,TX,10
Tamara,Torvey,ttorveyrf@princeton.edu,Minneapolis,MN,10
Stacee,McBeth,smcbethrg@sohu.com,Miami,FL,10
Gideon,Muckersie,gmuckersierh@fc2.com,Jacksonville,FL,10
Fax,Arnason,farnasonri@loc.gov,Bridgeport,CT,10
Rich,McCoid,rmccoidrj@exblog.jp,Birmingham,AL,10
Tabbitha,Pallent,tpallentrk@parallels.com,Toledo,OH,10
Pammie,Hukin,phukinrl@yahoo.com,Ventura,CA,10
Loraine,Tunmore,ltunmorerm@nydailynews.com,Omaha,NE,10
Vanya,Trusty,vtrustyrn@uiuc.edu,Pensacola,FL,10
Scott,Castella,scastellaro@blogspot.com,Jackson,MS,10
Brandice,Rushworth,brushworthrp@census.gov,Boston,MA,10
Fletcher,Viant,fviantrq@thetimes.co.uk,Worcester,MA,10
Farleigh,Bonnyson,fbonnysonrr@over-blog.com,Portsmouth,NH,10