first_name,last_name,email,city,state,file_id
Cacilia,Semechik,csemechik5k@sourceforge.net,Bakersfield,CA,3
Marabel,Angus,mangus5l@webeden.co.uk,Washington,DC,3
Winifield,Sesons,wsesons5m@slashdot.org,Dallas,TX,3
Rawley,Carreyette,rcarreyette5n@blogs.com,Miami,FL,3
Heida,Lambden,hlambden5o@timesonline.co.uk,Columbia,SC,3
Christel,Wohler,cwohler5p@ovh.net,Akron,OH,3
Karie,Teulier,kteulier5q@blogger.com,Montgomery,AL,3
Lesley,Heeley,lheeley5r@behance.net,San Antonio,TX,3
Janelle,Shay,jshay5s@squarespace.com,Erie,PA,3
Hercule,Poppy,hpoppy5t@mapy.cz,Louisville,KY,3
Sadella,Wanek,swanek5u@hibu.com,Carol Stream,IL,3
Neel,Stayte,nstayte5v@businessweek.com,Durham,NC,3
Rubie,Paling,rpaling5w@mlb.com,Philadelphia,PA,3
Pepito,Gillon,pgillon5x@berkeley.edu,Washington,DC,3
Wilton,Hollibone,whollibone5y@arizona.edu,Charlotte,NC,3
Laverna,MacAvaddy,lmacavaddy5z@princeton.edu,Jacksonville,FL,3
Kayley,Dibdall,kdibdall60@weather.com,Baltimore,MD,3
Becca,Oleshunin,boleshunin61@businesswire.com,Louisville,KY,3
Morgan,McIlwrick,mmcilwrick62@biglobe.ne.jp,Colorado Springs,CO,3
Alberta,Towersey,atowersey63@people.com.cn,West Hartford,CT,3
Burnaby,Saylor,bsaylor64@canalblog.com,Inglewood,CA,3
Chelsy,Jefferys,cjefferys65@pcworld.com,New York City,NY,3
Ichabod,Kermeen,ikermeen66@cpanel.net,Bridgeport,CT,3
Tarrance,Chipchase,tchipchase67@techcrunch.com,El Paso,TX,3
Hartwell,Ovett,hovett68@biglobe.ne.jp,Laredo,TX,3
Buddy,Moulsdale,bmoulsdale69@intel.com,Roanoke,VA,3
Barnabas,Shakspeare,bshakspeare6a@acquirethisname.com,Torrance,CA,3
Lynnett,Fosbraey,lfosbraey6b@spotify.com,Washington,DC,3
Juliet,Jerman,jjerman6c@e-recht24.de,Las Vegas,NV,3
Dalton,Bilbery,dbilbery6d@java.com,Dayton,OH,3
Xylia,Emmanuele,xemmanuele6e@salon.com,Youngstown,OH,3
Lotti,Girardetti,lgirardetti6f@gizmodo.com,Beaverton,OR,3
Merill,Liebermann,mliebermann6g@techcrunch.com,Philadelphia,PA,3
Sunny,Chippendale,schippendale6h@issuu.com,Tulsa,OK,3
Ola,Pingston,opingston6i@mapy.cz,Springfield,IL,3
Gisella,Cary,gcary6j@comsenz.com,North Hollywood,CA,3
Percival,Stangoe,pstangoe6k@washington.edu,York,PA,3
Mercie,Oldale,moldale6l@php.net,Riverside,CA,3
Rory,Cubin,rcubin6m@addthis.com,Dallas,TX,3
Fiorenze,Ashurst,fashurst6n@answers.com,Fairfax,VA,3
Margarette,Hills,mhills6o@reddit.com,San Jose,CA,3
Tammi,Culham,tculham6p@mashable.com,Huntsville,AL,3
Morena,Duddle,mduddle6q@printfriendly.com,Honolulu,HI,3
Tore,Alvis,talvis6r@epa.gov,Phoenix,AZ,3
Kris,Manchett,kmanchett6s@yandex.ru,Oklahoma City,OK,3
Debra,de Wilde,ddewilde6t@blog.com,Van Nuys,CA,3
Siffre,Matthewson,smatthewson6u@simplemachines.org,Oklahoma City,OK,3
Jo ann,Czapla,jczapla6v@aboutads.info,Huntington,WV,3
Dolley,Burgne,dburgne6w@over-blog.com,Tulsa,OK,3
Jo,Tullot,jtullot6x@ibm.com,Van Nuys,CA,3
Binnie,Ugoletti,bugoletti6y@census.gov,Worcester,MA,3
Yankee,Preto,ypreto6z@surveymonkey.com,Honolulu,HI,3
Teriann,Wetter,twetter70@usnews.com,Chicago,IL,3
George,Evanson,gevanson71@desdev.cn,Tampa,FL,3
Emeline,Roscrigg,eroscrigg72@npr.org,Sacramento,CA,3
Morton,Fowlds,mfowlds73@netlog.com,Columbia,SC,3
Meggy,Crasswell,mcrasswell74@w3.org,Seattle,WA,3
Igor,Timson,itimson75@360.cn,Miami,FL,3
Kaylyn,Hawkswell,khawkswell76@un.org,Allentown,PA,3
Inigo,Ventris,iventris77@dion.ne.jp,Kingsport,TN,3
Armand,Dunham,adunham78@time.com,Bakersfield,CA,3
Olly,Stoll,ostoll79@zimbio.com,Marietta,GA,3
Odell,Pugh,opugh7a@cbslocal.com,Austin,TX,3
Gunter,Cruz,gcruz7b@baidu.com,Columbus,OH,3
Karoline,Adrain,kadrain7c@mapquest.com,Schaumburg,IL,3
Ginger,Shipway,gshipway7d@rediff.com,Lafayette,LA,3
Mireielle,Swayne,mswayne7e@angelfire.com,Austin,TX,3
Philippine,Gergler,pgergler7f@newyorker.com,Montpelier,VT,3
Jacky,Hocking,jhocking7g@state.gov,Wilmington,NC,3
Washington,Vondrach,wvondrach7h@walmart.com,Tulsa,OK,3
Kimberlyn,Goaley,kgoaley7i@ning.com,Athens,GA,3
Sly,Guerola,sguerola7j@geocities.com,Inglewood,CA,3
Petunia,Bittlestone,pbittlestone7k@1und1.de,El Paso,TX,3
Keri,Lippiett,klippiett7l@unesco.org,Norcross,GA,3
Eduard,Charlo,echarlo7m@marriott.com,Knoxville,TN,3
Blanche,Lello,blello7n@washingtonpost.com,El Paso,TX,3
Mamie,Caudwell,mcaudwell7o@canalblog.com,Cincinnati,OH,3
Lyda,Rowe,lrowe7p@drupal.org,San Francisco,CA,3
Bonny,Dorrance,bdorrance7q@t.co,Baltimore,MD,3
Ainsley,Mitchard,amitchard7r@google.es,Stamford,CT,3
Gwenny,Dollar,gdollar7s@answers.com,Syracuse,NY,3
Sheppard,Edeler,sedeler7t@diigo.com,Jamaica,NY,3
Lauryn,Arkle,larkle7u@devhub.com,Sioux Falls,SD,3
Clyde,Eastbrook,ceastbrook7v@drupal.org,Schenectady,NY,3
Brander,Artis,bartis7w@ning.com,Albany,NY,3
Dolly,Gypson,dgypson7x@delicious.com,San Antonio,TX,3
Madelyn,Winward,mwinward7y@netvibes.com,Austin,TX,3
Ruthann,Bridgland,rbridgland7z@addtoany.com,Houston,TX,3
Prent,Robb,probb80@last.fm,Gainesville,GA,3
Debora,Cordery,dcordery81@nps.gov,El Paso,TX,3
Lavina,Mulholland,lmulholland82@oakley.com,Oklahoma City,OK,3
Paige,Featherby,pfeatherby83@oakley.com,Virginia Beach,VA,3
Lissi,Troucher,ltroucher84@bandcamp.com,El Paso,TX,3
Harv,Kondratenko,hkondratenko85@canalblog.com,Atlanta,GA,3
Valaree,Raulin,vraulin86@histats.com,Helena,MT,3
Margalo,Gowing,mgowing87@instagram.com,Springfield,OH,3
Glendon,Cuttings,gcuttings88@moonfruit.com,Sarasota,FL,3
Katherina,Klampt,kklampt89@blog.com,Cincinnati,OH,3
Evan,Mathers,emathers8a@paginegialle.it,Des Moines,IA,3
Andre,Dericot,adericot8b@facebook.com,Springfield,IL,3